Reasons,Reasons,Andreas Stone,dance pop
Say You Wanna,Say You Wanna,Courtney Bell,dance pop
Jeans,Jeans,Justin Quiles,reggaeton
Reality (feat. Janieck Devy) - Radio Edit,Less Is More,Lost Frequencies,pop
Richie Rich,Richie Rich,Allyn,reggaeton
Blockia,Blockia,Bad Bunny,reggaeton
Adore You,Adore You,Harry Styles,pop
Hawái,Hawái,Maluma,reggaeton
Braci się nie traci,Rap najlepszej marki vol. 2,Różni Wykonawcy,dance pop
Say So (feat. Nicki Minaj),Say So (feat. Nicki Minaj),Doja Cat,pop
Ni Tú Ni Yo (feat. Gente de Zona),Ni Tú Ni Yo (feat. Gente de Zona),Jennifer Lopez,pop
Again (From Fullmetal Alchemist),Anime Diamonds,Tokyo Anniversary,pop
Relación - Remix,Relación (Remix),Sech,reggaeton
I Gotta Feeling,THE E.N.D. (THE ENERGY NEVER DIES) [Deluxe Version],Black Eyed Peas,dance pop
